{
  "credit": "Made with Blockbench",
  "parent": "builtin/entity",
  "texture_size": [
    96,
    96
  ],
  "display": {
    "thirdperson_righthand": {
      "scale": [
        0.30000001192092896,
        0.30000001192092896,
        0.30000001192092896
      ]
    },
    "thirdperson_lefthand": {
      "scale": [
        0.30000001192092896,
        0.30000001192092896,
        0.30000001192092896
      ]
    },
    "firstperson_righthand": {
      "rotation": [
        -14,
        96,
        0
      ],
      "translation": [
        2.5,
        0.25,
        0
      ],
      "scale": [
        0.30000001192092896,
        0.30000001192092896,
        0.30000001192092896
      ]
    },
    "firstperson_lefthand": {
      "rotation": [
        -14,
        0,
        0
      ],
      "translation": [
        0,
        1.5,
        0
      ],
      "scale": [
        0.30000001192092896,
        0.30000001192092896,
        0.30000001192092896
      ]
    },
    "ground": {
      "scale": [
        0.5,
        0.5,
        0.5
      ]
    },
    "gui": {
      "rotation": [
        33,
        133,
        0
      ],
      "translation": [
        0.25,
        -2.75,
        0
      ],
      "scale": [
        0.5,
        0.4000000059604645,
        0.5
      ]
    },
    "head": {
      "translation": [
        0,
        10.5,
        0
      ]
    },
    "fixed": {
      "rotation": [
        0,
        136,
        0
      ],
      "translation": [
        0,
        -4.5,
        -0.5
      ],
      "scale": [
        0.6000000238418579,
        0.6000000238418579,
        0.6000000238418579
      ]
    }
  }
}